channel_name,channel_id,title_found,subscribers,link,thumbnail
Alphablocks,UC_qs3c0ehDvZkbiEbOj6Drg,Alphablocks,@officialalphablocks,https://www.youtube.com/channel/UC_qs3c0ehDvZkbiEbOj6Drg,https://yt3.ggpht.com/4hW2cvLDW8yX5v3O_PzzyfHhQ0MCv_URg_OFOdElQ0jJ-BmiS0zXMUwikr-D1WMkC2taQO-S=s88-c-k-c0x00ffffff-no-rj-mo
Blippi,UCTHDPeOUn0xGxsKv6j_-oZQ,Blippi Plays - Video Games for Kids,@BlippiRoblox,https://www.youtube.com/channel/UCTHDPeOUn0xGxsKv6j_-oZQ,https://yt3.ggpht.com/tJXhBauN4eajNWzqmCxxm6o1sOIxuBmJaT-rT8lY-tyHRt5ll3aaJhaSFoR3uxBD1W9UncgzXEw=s88-c-k-c0x00ffffff-no-rj-mo
Blue's Clues & You,UCjZo1E1P6wDDyw6ImVgKM-A,Blue's Clues & You!,@bluesclues,https://www.youtube.com/channel/UCjZo1E1P6wDDyw6ImVgKM-A,https://yt3.googleusercontent.com/ytc/AIdro_mQajRZ_lOUY3N7suej4JQbe5dk6jKd7X8Dx61F3GCQw3k=s88-c-k-c0x00ffffff-no-rj-mo
Bluey,UCsHGwvra0mC27IQdtXwaLpA,Bluey - Topic,127K subscribers,https://www.youtube.com/channel/UCsHGwvra0mC27IQdtXwaLpA,https://yt3.ggpht.com/nQ9keHMuy_sL4cEbcDX1BHDgt_1U2tDz7oH4FtW25ZZw2xFOxnh06BODN9Sm3kj1QQIa1c2Ht1E=s88-c-k-c0x00ffffff-no-rj-mo
Curious George,UCu7IDy0y-ZA0qaG51wrQY6w,Curious George Official,@CuriousGeorge,https://www.youtube.com/channel/UCu7IDy0y-ZA0qaG51wrQY6w,https://yt3.googleusercontent.com/ytc/AIdro_mme5GlHmFNnSrrGhurc8y-IRauHMAkCUQGbAF_k2CbzCs=s88-c-k-c0x00ffffff-no-rj-mo
Daniel Tiger's Neighborhood,UCDqgSnRMGVx3dP4sn3ATZMA,Daniel Tiger's Neighbourhood - Scholastic,@DanielTigersNeighbourhood,https://www.youtube.com/channel/UCDqgSnRMGVx3dP4sn3ATZMA,https://yt3.ggpht.com/k3pkf9JtoXBa4N_64NW6oEe1ZA0JUebvZB_g-AiFdymitKjPs476hhQagXUmL0ic7aEslnR1nQ=s88-c-k-c0x00ffffff-no-rj-mo
Hey Duggee,UCj_mFUb-47d9QNiJ5556LjQ,Hey Duggee Official,@HeyDuggeeOfficial,https://www.youtube.com/channel/UCj_mFUb-47d9QNiJ5556LjQ,https://yt3.ggpht.com/H4OkKHNdMfPBVbEq2XDr2uQoKSlFGzjPDG-UnzDMUhZQAoovK81Cidw4aKR_9f-84Bh6i9gA=s88-c-k-c0x00ffffff-no-rj-mo
Learn with Zakaria,UCtlcIZVBdFPSAtCoNZsTusg,Learn with Zakaria - تعلم مع زكريا,@LearnWithZakaria,https://www.youtube.com/channel/UCtlcIZVBdFPSAtCoNZsTusg,https://yt3.googleusercontent.com/ytc/AIdro_m53hyD-iEwEjLfQB5xKyRqmyNPUVvfJV1XI9JLztgpDdc=s88-c-k-c0x00ffffff-no-rj-mo
Moonbug Kids Arabic,UCbZSFONSW8Ue6PWH7ZzQeOg,Moonbug Kids Arabic - برامج كرتون واغاني اطفال,@MoonbugKidsArabic,https://www.youtube.com/channel/UCbZSFONSW8Ue6PWH7ZzQeOg,https://yt3.ggpht.com/MTjvO1HbZ4I8TOkRqriqX8Gr8EzWnKifEzZfmsTZpH3KXLnVTpXADi-DOtxCuwpk--ACNNZkOH0=s88-c-k-c0x00ffffff-no-rj-mo
Numberblocks,UCPlwvN0w4qFSP1FllALB92w,Numberblocks,@Numberblocks,https://www.youtube.com/channel/UCPlwvN0w4qFSP1FllALB92w,https://yt3.ggpht.com/lhZzvbA1gptFuwFBPKJBsyCS7eksCbOWdX0iLNZeUygKGysu6veWmSGFVNJTGd9qfvYXoPTJoIw=s88-c-k-c0x00ffffff-no-rj-mo
Octonauts,UCXLLQkbYE-G9jYrra7R4Qsw,Octonauts,@Octonauts,https://www.youtube.com/channel/UCXLLQkbYE-G9jYrra7R4Qsw,https://yt3.ggpht.com/45UOB3Elk3cgr5-TeFn33Msq314WsYpOHVCh6GaxTDflu76S5F04jFgA26l1xRYhFL9wduLI3w=s88-c-k-c0x00ffffff-no-rj-mo
PBS Kids,UCrNnk0wFBnCS1awGjq_ijGQ,PBS KIDS,@PBSKIDS,https://www.youtube.com/channel/UCrNnk0wFBnCS1awGjq_ijGQ,https://yt3.ggpht.com/ZBcGbfxSEOigEe07nPd5AsSrYRO9NLqyxBZ1rGLtFC4Fr6eUqoL5D97U_aHLN4wO-p66Q7sO0g=s88-c-k-c0x00ffffff-no-rj-mo
Paw Patrol,UCl7cVYs3_WvAF67-8zpqGsQ,PAW Patrol UK,@PAWPatrolUK,https://www.youtube.com/channel/UCl7cVYs3_WvAF67-8zpqGsQ,https://yt3.ggpht.com/l9-vjU4_cpI8r-VNkMXFN1o3kbevx__fE7C0WiDLmtppgHHsJD-8ZjgjLVa27OnDt8AQtI8QLg=s88-c-k-c0x00ffffff-no-rj-mo
Peppa Pig,UCAOtE1V7Ots4DjM8JLlrYgg,Peppa Pig - Official Channel,@PeppaPigOfficial,https://www.youtube.com/channel/UCAOtE1V7Ots4DjM8JLlrYgg,https://yt3.ggpht.com/4sHHtkYxkkdfdqyhFG_mt1U-C46v3zt7z5jsySrXnAqRTHrnlUJfVRRF-02szzgaOhqz1eVX=s88-c-k-c0x00ffffff-no-rj-mo
Sesame Street,UC7DM7591Xkt1M2D3fs_wAlg,Sesame Street Classics ,@SesameStreetClassics,https://www.youtube.com/channel/UC7DM7591Xkt1M2D3fs_wAlg,https://yt3.ggpht.com/Ki_O4XA0WYmqSb9CuzJO7bmKYhGh54NMvwqlvL74PYFH_c8a1AvZot0iXcB7b-eV_mS35Sdbfso=s88-c-k-c0x00ffffff-no-rj-mo
StoryBots,UCkd-BQZOkCVYk10rM_IUEcw,StoryBots - Topic,2.28K subscribers,https://www.youtube.com/channel/UCkd-BQZOkCVYk10rM_IUEcw,https://yt3.ggpht.com/fRxy8vJPVGq1ZdTmMR5viNSyyRtGnTfdNI5OOfhFBQxD-4G_s6SXEMDy5oaGIfJ_vZTW9M4SZQ=s88-c-k-c0x00ffffff-no-rj-mo
Super Toons TV عربي,UCVRBKSxku2X_t2EhGjcJoZQ,كرتون أطفال عربي - Super Toons TV,@SuperToonsTV-AR,https://www.youtube.com/channel/UCVRBKSxku2X_t2EhGjcJoZQ,https://yt3.ggpht.com/IfwC-pqQsWAyP1ZkK8mtUYHujWNwtaJfGFsweciKNqp94owy1CV8DtImDywRMZcTlgiah4z8Qg=s88-c-k-c0x00ffffff-no-rj-mo
The Magic School Bus,UCi7STzPDqcOvmjm7-bEsvDg,The Magic School Bus,@TheMagicSchoolBusOfficial,https://www.youtube.com/channel/UCi7STzPDqcOvmjm7-bEsvDg,https://yt3.ggpht.com/zIJI9-rOAvGWDI9fXT07qu_UQ7Digey0zTWwSeZCR3rG-o7uekhdP9cST0cak-1PnSCrmiUP=s88-c-k-c0x00ffffff-no-rj-mo
Wild Kratts,UCxEmDFo1yUbbxjEb9RjitVA,Wild Kratts,@WildKratts,https://www.youtube.com/channel/UCxEmDFo1yUbbxjEb9RjitVA,https://yt3.ggpht.com/p9M4GrXcdLpXy_6zMYvV5TiQ_iOIbZ6snX8FGhhy3yh0hSxOOwyJlpRVu2VHSZKchX4hI7wGaQ=s88-c-k-c0x00ffffff-no-rj-mo
Zain & Leen,UCeQsxKL3FEAuaQY4x0pRpPQ,زين و لين - Zain & Leen,@-zainleen9270,https://www.youtube.com/channel/UCeQsxKL3FEAuaQY4x0pRpPQ,https://yt3.googleusercontent.com/ytc/AIdro_l_L7GJEvAz2T9Ac_2R1ZFEEH162l03nrI9ZEfBXjW7MA=s88-c-k-c0x00ffffff-no-rj-mo
أسرتنا,UCWIdqSQekeGmUWlSFeCiEnA,Osratouna tv - قناة أسرتنا,@Osratouna,https://www.youtube.com/channel/UCWIdqSQekeGmUWlSFeCiEnA,https://yt3.ggpht.com/e1j5eJXs-YInZyzWYahj0If0BgssXo_rxZ3WO2Yy2hxsBoQT658f1drvZuoy6t6dJl6eA1w9=s88-c-k-c0x00ffffff-no-rj-mo
افتح يا سمسم,UCjTuBpFOR3kqu63MJmzDCkQ,Open Sesame - افتح يا سمسم,@OpenSemsem,https://www.youtube.com/channel/UCjTuBpFOR3kqu63MJmzDCkQ,https://yt3.googleusercontent.com/ytc/AIdro_n7OrVY5nsST3Mzf-2OaxSj4B_lew2lT6QCK_sJp9VrCEY=s88-c-k-c0x00ffffff-no-rj-mo
الدنيا روزي,UCPRKH76TMHmHjUMeejf8aJQ,الدنيا روزي - قصص للأطفال,@RosieStoriesArabic,https://www.youtube.com/channel/UCPRKH76TMHmHjUMeejf8aJQ,https://yt3.ggpht.com/L7aASPjY4GXdVFqDDcdpcqiECC7giYgpeI-udp-1IuFBNjTiwib-pYpev26w9BBHW3p3QU0t=s88-c-k-c0x00ffffff-no-rj-mo
براعم,UCde9U_zi5qPCPffmSPwpbXA,براعم / Baraem,@براعم-ه5ج,https://www.youtube.com/channel/UCde9U_zi5qPCPffmSPwpbXA,https://yt3.ggpht.com/cx1Y0PbchvVJYTuOvJwTXMFWK_HwvdnJxTq0oW7BpjStGDCVSv_YW786RMSZtnNl3PvBkH7tWg=s88-c-k-c0x00ffffff-no-rj-mo
راشد ونورة,UCfEOy302XpjN00cQ2GW4aZA,SIRAJ,@sirajshowofficial,https://www.youtube.com/channel/UCfEOy302XpjN00cQ2GW4aZA,https://yt3.ggpht.com/0P1fVwSW2hu0HMJX4SMTXz1euZ5ANf5uiDplEGWpqEZVfJeZw7o996q5PxMK8RpifEckeVdTqw=s88-c-k-c0x00ffffff-no-rj-mo
زينة ونحول,UCXQ3-_m82KAnh-U6brMmvrA,أطفال عربي الجميع,@MayatheBee-Arabic,https://www.youtube.com/channel/UCXQ3-_m82KAnh-U6brMmvrA,https://yt3.ggpht.com/dMEHiMSTa6ijBRSud1ls9nv9bdrYELX9nfYAcG_sxR-N_tsmnxFsuK7kwVYQNt7bMcaOWxkv=s88-c-k-c0x00ffffff-no-rj-mo
سراج,UCfEOy302XpjN00cQ2GW4aZA,SIRAJ,@sirajshowofficial,https://www.youtube.com/channel/UCfEOy302XpjN00cQ2GW4aZA,https://yt3.ggpht.com/0P1fVwSW2hu0HMJX4SMTXz1euZ5ANf5uiDplEGWpqEZVfJeZw7o996q5PxMK8RpifEckeVdTqw=s88-c-k-c0x00ffffff-no-rj-mo
شبكة المجد للأطفال,UCXZ9W0jgxGmy2kphRrqRCFA,المجد للأطفال - AlmajdKids,@AlmajdKids,https://www.youtube.com/channel/UCXZ9W0jgxGmy2kphRrqRCFA,https://yt3.ggpht.com/3AQCNjpjHvwpYCbi9anvsOZZSxa5tUVBR8Yn9J6lNzpaUMpRosCstN7a8R3r2l37dzLybzAs6so=s88-c-k-c0x00ffffff-no-rj-mo
فواز ونورة,UCYr-pXLfCZ3sobQmlvSGRWg,فواز ونوره,@فوازونوره-د2ح,https://www.youtube.com/channel/UCYr-pXLfCZ3sobQmlvSGRWg,https://yt3.ggpht.com/PkGfj8knKYQ6xPcVFJRN8ir96MDYbPZwRWNzbck3rvQRqtgsNQ5Pm3CwbyTIB42Nczb_Jxb7MA=s88-c-k-c0x00ffffff-no-rj-mo
قناة ماجد,UCrvTAKeiHkB-ZTKxVBtk48A,Majid Kids - ماجد,@MajidKids,https://www.youtube.com/channel/UCrvTAKeiHkB-ZTKxVBtk48A,https://yt3.ggpht.com/1uMukLB4ebcP2KJUyBhwXhxETpnVaFqU_NEs0-U5gAkVM5fPNgHSoKN23r_hvf6ZYgOZcSJR=s88-c-k-c0x00ffffff-no-rj-mo
ماشا والدب (النسخة العربية),UCpm9UA5N0Y9Kv1FJNtnNlJA,ماشا و الدب,@MashaBearARAB,https://www.youtube.com/channel/UCpm9UA5N0Y9Kv1FJNtnNlJA,https://yt3.ggpht.com/k7VCQLjNIkh5GkGn2sVxU2GCI1bKA8BNqU4z-sJEnyRwwMAx-GE1P-91ozX3X0Ix0-ZNsFsWpQ=s88-c-k-c0x00ffffff-no-rj-mo
مغامرات منصور,UCqiIbqnJB0AVTg6Z6QnZNdw,مغامرات منصور,@mansourcartoon,https://www.youtube.com/channel/UCqiIbqnJB0AVTg6Z6QnZNdw,https://yt3.ggpht.com/fJQy2QndoWkRaA9rJ3KQm_42ME91Hr_OrUhBozj3hMbThuRc1-BOcFSGL9G3AhFO8MaS-CcRSwI=s88-c-k-c0x00ffffff-no-rj-mo
نور وبوابة التاريخ,UCKOgWG4r-5PA7bR-6OglBFA,بوابة التاريخ ,@bawabattarikh,https://www.youtube.com/channel/UCKOgWG4r-5PA7bR-6OglBFA,https://yt3.ggpht.com/w9mShJSg4JwsTTepvRbBdavmzp30DIW-K5Qd75SlbtsXVryA4zcSvQtZ9TVuPfpfhu_8vOcIHg=s88-c-k-c0x00ffffff-no-rj-mo
